<cs:chartStyle xmlns:cs="http://schemas.microsoft.com/office/drawing/2012/chartStyle" xmlns:a="http://schemas.openxmlformats.org/drawingml/2006/main" id="395"><cs:axisTitle><cs:lnRef idx="0"/><cs:fillRef idx="0"/><cs:effectRef idx="0"/><cs:fontRef idx="minor"><a:schemeClr val="tx1"><a:lumMod val="65000"/><a:lumOff val="35000"/></a:schemeClr></cs:fontRef><cs:defRPr sz="900"/></cs:axisTitle><cs:categoryAxis><cs:lnRef idx="0"/><cs:fillRef idx="0"/><cs:effectRef idx="0"/><cs:fontRef idx="minor"><a:schemeClr val="tx1"><a:lumMod val="65000"/><a:lumOff val="35000"/></a:schemeClr></cs:fontRef><cs:spPr><a:ln w="9525" cap="flat" cmpd="sng" algn="ctr"><a:solidFill><a:schemeClr val="tx1"><a:lumMod val="15000"/><a:lumOff val="85000"/></a:schemeClr></a:solidFill><a:round/></a:ln></cs:spPr><cs:defRPr sz="900"/></cs:categoryAxis><cs:chartArea mods="allowNoFillOverride allowNoLineOverride"><cs:lnRef idx="0"/><cs:fillRef idx="0"/><cs:effectRef idx="0"/><cs:fontRef idx="minor"><a:schemeClr val="tx1"/></cs:fontRef><cs:spPr><a:solidFill><a:schemeClr val="bg1"/></a:solidFill><a:ln w="9525" cap="flat" cmpd="sng" algn="ctr"><a:solidFill><a:schemeClr val="tx1"><a:lumMod val="15000"/><a:lumOff val="85000"/></a:schemeClr></a:solidFill><a:round/></a:ln></cs:spPr><cs:defRPr sz="1000"/></cs:chartArea><cs:dataLabel><cs:lnRef idx="0"/><cs:fillRef idx="0"/><cs:effectRef idx="0"/><cs:fontRef idx="minor"><a:schemeClr val="tx1"><a:lumMod val="65000"/><a:lumOff val="35000"/></a:schemeClr></cs:fontRef><cs:defRPr sz="900"/></cs:dataLabel><cs:dataLabelCallout><cs:lnRef idx="0"/><cs:fillRef idx="0"/><cs:effectRef idx="0"/><cs:fontRef idx="minor"><a:schemeClr val="dk1"><a:lumMod val="65000"/><a:lumOff val="35000"/></a:schemeClr></cs:fontRef><cs:spPr><a:solidFill><a:schemeClr val="lt1"/></a:solidFill><a:ln><a:solidFill><a:schemeClr val="dk1"><a:lumMod val="25000"/><a:lumOff val="75000"/></a:schemeClr></a:solidFill></a:ln></cs:spPr><cs:defRPr sz="900"/><cs:bodyPr rot="0" spcFirstLastPara="1" vertOverflow="clip" horzOverflow="clip" vert="horz" wrap="square" lIns="36576" tIns="18288" rIns="36576" bIns="18288" anchor="ctr" anchorCtr="1"><a:spAutoFit/></cs:bodyPr></cs:dataLabelCallout><cs:dataPoint><cs:lnRef idx="0"/><cs:fillRef idx="0"><cs:styleClr val="auto"/></cs:fillRef><cs:effectRef idx="0"/><cs:fontRef idx="minor"><a:schemeClr val="tx1"/></cs:fontRef><cs:spPr><a:solidFill><a:schemeClr val="phClr"/></a:solidFill></cs:spPr></cs:dataPoint><cs:dataPoint3D><cs:lnRef idx="0"/><cs:fillRef idx="0"><cs:styleClr val="auto"/></cs:fillRef><cs:effectRef idx="0"/><cs:fontRef idx="minor"><a:schemeClr val="tx1"/></cs:fontRef><cs:spPr><a:solidFill><a:schemeClr val="phClr"/></a:solidFill></cs:spPr></cs:dataPoint3D><cs:dataPointLine><cs:lnRef idx="0"><cs:styleClr val="auto"/></cs:lnRef><cs:fillRef idx="0"/><cs:effectRef idx="0"/><cs:fontRef idx="minor"><a:schemeClr val="tx1"/></cs:fontRef><cs:spPr><a:ln w="28575" cap="rnd"><a:solidFill><a:schemeClr val="phClr"/></a:solidFill><a:round/></a:ln></cs:spPr></cs:dataPointLine><cs:dataPointMarker><cs:lnRef idx="0"/><cs:fillRef idx="0"><cs:styleClr val="auto"/></cs:fillRef><cs:effectRef idx="0"/><cs:fontRef idx="minor"><a:schemeClr val="tx1"/></cs:fontRef><cs:spPr><a:solidFill><a:schemeClr val="phClr"/></a:solidFill><a:ln w="9525"><a:solidFill><a:schemeClr val="lt1"/></a:solidFill></a:ln></cs:spPr></cs:dataPointMarker><cs:dataPointMarkerLayout symbol="circle" size="5"/><cs:dataPointWireframe><cs:lnRef idx="0"><cs:styleClr val="auto"/></cs:lnRef><cs:fillRef idx="0"/><cs:effectRef idx="0"/><cs:fontRef idx="minor"><a:schemeClr val="tx1"/></cs:fontRef><cs:spPr><a:ln w="28575" cap="rnd"><a:solidFill><a:schemeClr val="phClr"/></a:solidFill><a:round/></a:ln></cs:spPr></cs:dataPointWireframe><cs:dataTable><cs:lnRef idx="0"/><cs:fillRef idx="0"/><cs:effectRef idx="0"/><cs:fontRef idx="minor"><a:schemeClr val="tx1"><a:lumMod val="65000"/><a:lumOff val="35000"/></a:schemeClr></cs:fontRef><cs:spPr><a:ln w="9525"><a:solidFill><a:schemeClr val="tx1"><a:lumMod val="15000"/><a:lumOff val="85000"/></a:schemeClr></a:solidFill></a:ln></cs:spPr><cs:defRPr sz="900"/></cs:dataTable><cs:downBar><cs:lnRef idx="0"/><cs:fillRef idx="0"/><cs:effectRef idx="0"/><cs:fontRef idx="minor"><a:schemeClr val="dk1"/></cs:fontRef><cs:spPr><a:solidFill><a:schemeClr val="dk1"><a:lumMod val="65000"/><a:lumOff val="35000"/></a:schemeClr></a:solidFill><a:ln w="9525"><a:solidFill><a:schemeClr val="tx1"><a:lumMod val="65000"/><a:lumOff val="35000"/></a:schemeClr></a:solidFill></a:ln></cs:spPr></cs:downBar><cs:dropLine><cs:lnRef idx="0"/><cs:fillRef idx="0"/><cs:effectRef idx="0"/><cs:fontRef idx="minor"><a:schemeClr val="tx1"/></cs:fontRef><cs:spPr><a:ln w="9525" cap="flat" cmpd="sng" algn="ctr"><a:solidFill><a:schemeClr val="tx1"><a:lumMod val="35000"/><a:lumOff val="65000"/></a:schemeClr></a:solidFill><a:round/></a:ln></cs:spPr></cs:dropLine><cs:errorBar><cs:lnRef idx="0"/><cs:fillRef idx="0"/><cs:effectRef idx="0"/><cs:fontRef idx="minor"><a:schemeClr val="tx1"/></cs:fontRef><cs:spPr><a:ln w="9525" cap="flat" cmpd="sng" algn="ctr"><a:solidFill><a:schemeClr val="tx1"><a:lumMod val="65000"/><a:lumOff val="35000"/></a:schemeClr></a:solidFill><a:round/></a:ln></cs:spPr></cs:errorBar><cs:floor><cs:lnRef idx="0"/><cs:fillRef idx="0"/><cs:effectRef idx="0"/><cs:fontRef idx="minor"><a:schemeClr val="tx1"/></cs:fontRef></cs:floor><cs:gridlineMajor><cs:lnRef idx="0"/><cs:fillRef idx="0"/><cs:effectRef idx="0"/><cs:fontRef idx="minor"><a:schemeClr val="tx1"/></cs:fontRef><cs:spPr><a:ln w="9525" cap="flat" cmpd="sng" algn="ctr"><a:solidFill><a:schemeClr val="tx1"><a:lumMod val="15000"/><a:lumOff val="85000"/></a:schemeClr></a:solidFill><a:round/></a:ln></cs:spPr></cs:gridlineMajor><cs:gridlineMinor><cs:lnRef idx="0"/><cs:fillRef idx="0"/><cs:effectRef idx="0"/><cs:fontRef idx="minor"><a:schemeClr val="tx1"/></cs:fontRef><cs:spPr><a:ln w="9525" cap="flat" cmpd="sng" algn="ctr"><a:solidFill><a:schemeClr val="tx1"><a:lumMod val="15000"/><a:lumOff val="85000"/></a:schemeClr></a:solidFill><a:round/></a:ln></cs:spPr></cs:gridlineMinor><cs:hiLoLine><cs:lnRef idx="0"/><cs:fillRef idx="0"/><cs:effectRef idx="0"/><cs:fontRef idx="minor"><a:schemeClr val="tx1"/></cs:fontRef><cs:spPr><a:ln w="9525" cap="flat" cmpd="sng" algn="ctr"><a:solidFill><a:schemeClr val="tx1"><a:lumMod val="75000"/><a:lumOff val="25000"/></a:schemeClr></a:solidFill><a:round/></a:ln></cs:spPr></cs:hiLoLine><cs:leaderLine><cs:lnRef idx="0"/><cs:fillRef idx="0"/><cs:effectRef idx="0"/><cs:fontRef idx="minor"><a:schemeClr val="tx1"/></cs:fontRef><cs:spPr><a:ln w="9525" cap="flat" cmpd="sng" algn="ctr"><a:solidFill><a:schemeClr val="tx1"><a:lumMod val="35000"/><a:lumOff val="65000"/></a:schemeClr></a:solidFill><a:round/></a:ln></cs:spPr></cs:leaderLine><cs:legend><cs:lnRef idx="0"/><cs:fillRef idx="0"/><cs:effectRef idx="0"/><cs:fontRef idx="minor"><a:schemeClr val="tx1"><a:lumMod val="65000"/><a:lumOff val="35000"/></a:schemeClr></cs:fontRef><cs:defRPr sz="900"/></cs:legend><cs:plotArea mods="allowNoFillOverride allowNoLineOverride"><cs:lnRef idx="0"/><cs:fillRef idx="0"/><cs:effectRef idx="0"/><cs:fontRef idx="minor"><a:schemeClr val="tx1"/></cs:fontRef></cs:plotArea><cs:plotArea3D mods="allowNoFillOverride allowNoLineOverride"><cs:lnRef idx="0"/><cs:fillRef idx="0"/><cs:effectRef idx="0"/><cs:fontRef idx="minor"><a:schemeClr val="tx1"/></cs:fontRef></cs:plotArea3D><cs:seriesAxis><cs:lnRef idx="0"/><cs:fillRef idx="0"/><cs:effectRef idx="0"/><cs:fontRef idx="minor"><a:schemeClr val="tx1"><a:lumMod val="65000"/><a:lumOff val="35000"/></a:schemeClr></cs:fontRef><cs:spPr><a:ln w="9525" cap="flat" cmpd="sng" algn="ctr"><a:solidFill><a:schemeClr val="tx1"><a:lumMod val="15000"/><a:lumOff val="85000"/></a:schemeClr></a:solidFill><a:round/></a:ln></cs:spPr><cs:defRPr sz="900"/></cs:seriesAxis><cs:seriesLine><cs:lnRef idx="0"/><cs:fillRef idx="0"/><cs:effectRef idx="0"/><cs:fontRef idx="minor"><a:schemeClr val="tx1"/></cs:fontRef><cs:spPr><a:ln w="9525" cap="flat"><a:solidFill><a:srgbClr val="D9D9D9"/></a:solidFill><a:round/></a:ln></cs:spPr></cs:seriesLine><cs:title><cs:lnRef idx="0"/><cs:fillRef idx="0"/><cs:effectRef idx="0"/><cs:fontRef idx="minor"><a:schemeClr val="tx1"><a:lumMod val="65000"/><a:lumOff val="35000"/></a:schemeClr></cs:fontRef><cs:defRPr sz="1400"/></cs:title><cs:trendline><cs:lnRef idx="0"><cs:styleClr val="auto"/></cs:lnRef><cs:fillRef idx="0"/><cs:effectRef idx="0"/><cs:fontRef idx="minor"><a:schemeClr val="tx1"/></cs:fontRef><cs:spPr><a:ln w="19050" cap="rnd"><a:solidFill><a:schemeClr val="phClr"/></a:solidFill><a:prstDash val="sysDash"/></a:ln></cs:spPr></cs:trendline><cs:trendlineLabel><cs:lnRef idx="0"/><cs:fillRef idx="0"/><cs:effectRef idx="0"/><cs:fontRef idx="minor"><a:schemeClr val="tx1"><a:lumMod val="65000"/><a:lumOff val="35000"/></a:schemeClr></cs:fontRef><cs:defRPr sz="900"/></cs:trendlineLabel><cs:upBar><cs:lnRef idx="0"/><cs:fillRef idx="0"/><cs:effectRef idx="0"/><cs:fontRef idx="minor"><a:schemeClr val="dk1"/></cs:fontRef><cs:spPr><a:solidFill><a:schemeClr val="lt1"/></a:solidFill><a:ln w="9525"><a:solidFill><a:schemeClr val="tx1"><a:lumMod val="15000"/><a:lumOff val="85000"/></a:schemeClr></a:solidFill></a:ln></cs:spPr></cs:upBar><cs:valueAxis><cs:lnRef idx="0"/><cs:fillRef idx="0"/><cs:effectRef idx="0"/><cs:fontRef idx="minor"><a:schemeClr val="tx1"><a:lumMod val="65000"/><a:lumOff val="35000"/></a:schemeClr></cs:fontRef><cs:defRPr sz="900"/></cs:valueAxis><cs:wall><cs:lnRef idx="0"/><cs:fillRef idx="0"/><cs:effectRef idx="0"/><cs:fontRef idx="minor"><a:schemeClr val="tx1"/></cs:fontRef></cs:wall></cs:chartStyle>